permalink,name,parent_permalink,depth,meta_title,meta_description,meta_keywords,description_html,hero_image_filename,icon_filename,batch_id
brands/duotone-kiteboarding,Duotone Kiteboarding,brands,1,Duotone Kiteboarding Kites & Gear 2026,"Shop the full Duotone Kiteboarding range — kites, bars, boards & accessories. Free EU shipping from €99. Shop now at Surf Store.","duotone kiteboarding,duotone kites,duotone kite gear","<h2>About Duotone Kiteboarding</h2><p>Duotone Kiteboarding is one of the world's most respected kite brands, born from decades of innovation in wind-powered water sports. Built on the legacy of North Kiteboarding and relaunched in 2018, Duotone combines aerospace-grade materials with athlete-driven design to produce kites, bars, and boards that perform at every level — from first timers to World Tour professionals.</p><p>Every Duotone kite is engineered at the brand's headquarters in Boards & More in Molln, Austria, where the R&D team works directly with their championship-winning team riders including Jesse Richman, Moona Whyte, and Airton Cozzolino. The result is gear that translates real-world feedback into tangible performance gains for everyday riders.</p><h2>The Duotone Kiteboarding Range</h2><p>Duotone's kite lineup covers every riding style. The <strong>Evo</strong> is the brand's legendary all-around kite — a favourite for freeriders who want one kite that does everything well. The <strong>Rebel</strong> is a sheet-and-go power machine built for wave and light-wind riding, while the <strong>Dice</strong> delivers playful, unhooked freestyle performance. For foil enthusiasts, the <strong>Echo</strong> and <strong>Juice</strong> offer ultra-light build and instant relaunch for downwind and foil sessions.</p><p>Duotone's bar system — the industry-standard <strong>Click Bar</strong> — is renowned for its one-click safety release and adjustable depower. It's compatible across the full kite range and works in concert with the 4-line and 5-line configurations available at every level.</p><h2>Why Buy Duotone at Surf Store</h2><p>Surf Store has been an authorised Duotone dealer since the brand's relaunch, which means you get full manufacturer warranty, expert pre-delivery inspection, and access to our in-store team who ride Duotone gear themselves. We stock the complete 2026 collection including D/LAB and SLS performance editions not widely available across Europe.</p><p>We offer free shipping on Duotone orders over €99 within the EU, and our specialists can advise on size selection based on your weight, location, and riding ambitions. Whether you're buying your first trainer kite or upgrading to a full D/LAB setup, Surf Store is your Duotone partner.</p><h2>Expert Advice</h2><p>Not sure which Duotone kite is right for you? Our team has tested the entire 2026 range in real conditions. Book a free consultation via WhatsApp or visit our store in Maribor, Slovenia. We'll match you with the right kite, bar, and board combination from day one.</p><p>Q: Which Duotone kite is best for beginners?<br>A: The Duotone Juice is specifically designed for progression, offering forgiving handling and stable power delivery that builds confidence without limiting your development.</p><p>Q: Can I use a Duotone kite with a non-Duotone bar?<br>A: While technically possible, we always recommend the Duotone Click Bar for the best safety performance and warranty coverage on your kite.</p><p>Q: Does Surf Store stock spare Duotone parts?<br>A: Yes — we carry the full range of Duotone spare parts including bladders, bridle lines, leading edge and strut replacements for current and recent model years.</p>",,batch_01_brands
brands/duotone-windsurfing,Duotone Windsurfing,brands,1,Duotone Windsurfing Sails & Boards 2026,"Duotone windsurfing sails, masts, booms & boards. Race-proven tech for all levels. Free EU shipping €99+. Shop now at Surf Store.","duotone windsurfing,duotone sails,duotone windsurf board","<h2>About Duotone Windsurfing</h2><p>Duotone Windsurfing carries the heritage of North Sails Windsurfing, one of the most storied names in windsurf racing. After rebranding in 2019, Duotone has continued to dominate the PWA World Tour, with riders like Antoine Albeau and Sara Wennekes flying Duotone sails at the top of the podium. The brand's technical philosophy — light construction, fast delivery of power, and intuitive balance — makes Duotone sails accessible to club racers and wave sailors alike.</p><p>Manufactured in the Boards & More facility in Austria, Duotone windsurf sails feature proprietary technologies including <strong>SLS (Stiff Lite Skin)</strong> carbon laminate and <strong>D/LAB</strong> premium construction — the same specifications used by World Tour riders in competition.</p><h2>The Duotone Windsurf Range</h2><p>The <strong>Super_Star SLS</strong> is the benchmark slalom sail, designed for maximum speed in flat-water racing. The <strong>Warp_Foil</strong> is optimised for windsurf foiling, offering early liftoff and precise upwind angle. For wave sailing, the <strong>Tonic</strong> and <strong>Idol</strong> deliver lightweight, reactive handling in cross-shore and onshore conditions. Entry-level riders will find the <strong>Super_Hero</strong> an ideal platform for learning to plane consistently and build confidence.</p><h2>Why Buy Duotone Windsurfing at Surf Store</h2><p>As an authorised Duotone dealer, Surf Store stocks the full 2026 windsurf collection including sails, masts, booms, and complete sets. Our staff are active windsurfers who can advise on sail size for your local conditions, mast compatibility, and boom length. We offer a full rigging check service for customers who purchase complete setups from us.</p><h2>Expert Advice</h2><p>Choosing the right Duotone sail size depends on your weight, local wind range, and riding style. Contact our team for a personalised recommendation — we typically respond on WhatsApp within 10 minutes on working days.</p><p>Q: What mast works with Duotone sails?<br>A: Duotone recommends their own SDM or RDM masts for optimal sail profile. We stock the full Duotone mast range in-store.</p><p>Q: Are 2026 Duotone sails compatible with older booms?<br>A: Yes, if your boom has a standard front end. We recommend checking boom length range against your sail size.</p><p>Q: Does Surf Store offer windsurf package deals?<br>A: Absolutely — we regularly assemble complete sail, mast, boom, and extension packages at a discounted bundle price.</p>",,batch_01_brands
brands/duotone-wingsurfing,Duotone Wing Foiling,brands,1,Duotone Wings & Wing Foil Gear 2026,"Duotone wing foiling — wings, boards, foils & gear. Europe's best wing foil selection. Free EU shipping €99+. Shop now.","duotone wing foil,duotone wings,duotone wing surf","<h2>About Duotone Wing Foiling</h2><p>Duotone entered wing foiling at the ground level when the sport was still being defined, and has since become the benchmark brand in the category. Collaborating with athletes like Balz Müller and Maxime Chabloz, Duotone's wing team has shaped how modern wings are designed — prioritising low-end power, stiffness-to-weight ratio, and handles that give precise control at high speed.</p><p>The Duotone wing range is manufactured with the same Boards & More production quality that defines their kite and windsurf products, with SLS carbon construction available across the premium tier.</p><h2>The Duotone Wing Range</h2><p>The <strong>Unit D/LAB</strong> is Duotone's flagship wing — a stiff, high-aspect design built for speed foiling and pumping. The <strong>Echo</strong> is the all-around choice: easy to relaunch, excellent upwind, and light enough for extended sessions. The <strong>Slick</strong> is the entry-level option that gives beginners confidence without compromising on quality. For downwinders, the <strong>Downwinder Air</strong> inflatable SUP boards pair perfectly with any unit wing.</p><h2>Why Buy Duotone Wings at Surf Store</h2><p>Surf Store stocks the complete 2026 Duotone wing range and the supporting foil, board, and wetsuit ecosystem. Our team can set up complete wing foil packages from board to foil to wing, sized appropriately for your weight and local wind conditions. We offer demo days at select locations — contact us to check availability.</p><h2>Expert Advice</h2><p>Wing foiling has the steepest learning curve of any board sport but the right starting setup makes an enormous difference. We recommend the Duotone Echo 5.0–6.0m combined with a stable foil board and a low-aspect front wing for beginners.</p><p>Q: What size wing for a 80kg beginner?<br>A: A 5.5–6.0m wing gives you enough power in 12–20 knots without being overwhelming. The Duotone Echo is ideal.</p><p>Q: Can I use a Duotone wing with another brand's foil?<br>A: Yes — wings are universal. However, foil compatibility with boards requires checking mast box type.</p><p>Q: Does Surf Store do wing foil lessons?<br>A: We can connect you with certified instructors in Slovenia. Contact us via WhatsApp for referrals.</p>",,batch_01_brands
brands/duotone-sup,Duotone SUP Boards & Paddles 2026,brands,1,Duotone SUP Boards & iSUP Packages 2026,"Duotone inflatable SUP boards, paddles & packages 2026. Quality iSUPs for all levels. Free EU shipping €99+. Shop now.","duotone sup,duotone isup,duotone inflatable sup board","<h2>About Duotone SUP</h2><p>Duotone SUP brings the same engineering discipline that defines the brand's kite and wing products to the stand-up paddleboarding world. Built for flat-water cruising, downwind runs, and river surfing, Duotone iSUPs feature drop-stitch construction with rigid rails, military-grade PVC, and pre-installed fin systems that rival hardboards in stiffness and tracking.</p><p>The Duotone SUP lineup is particularly well regarded for family and all-round use — boards like the <strong>Ride Air</strong> and <strong>Glide Air</strong> offer stability for first-time paddlers while remaining light enough for experienced riders to explore coastal touring routes.</p><h2>The Duotone SUP Range</h2><p>The <strong>Flow Air SLS</strong> is the brand's flagship all-around board — 10'6\" wide and stable enough for paddlers of all sizes. The <strong>Raven Air SLS</strong> is a touring shape that tracks straight and covers distance efficiently. For families, the <strong>Grace Air SLS</strong> package includes a quality three-piece paddle, pump, bag, and leash at an exceptional value. Racing riders will find the <strong>Blitz Air SLS</strong> narrow profile responsive and fast.</p><h2>Why Buy Duotone SUP at Surf Store</h2><p>Surf Store is an authorised Duotone SUP dealer stocking boards, paddles, and complete iSUP packages. We provide full warranty support and can advise on board selection based on paddler weight, intended use, and local water conditions. iSUP boards ship deflated in their carry bag for easy EU delivery.</p><h2>Expert Advice</h2><p>For most adult paddlers, a 10'–10'6\" all-round board at 30–33\" wide is the ideal starting point. Surf Store's team can match you with the right Duotone model for your height, weight, and intended use.</p><p>Q: Are Duotone SUPs suitable for beginners?<br>A: Yes — the wide, stable shapes in the Air SLS range are specifically designed for first-time paddlers.</p><p>Q: Can Duotone iSUPs be used in the sea?<br>A: Absolutely. The drop-stitch PVC construction handles coastal chop well. Avoid rocky landings.</p><p>Q: What's included in a Duotone iSUP package?<br>A: Packages include the board, 3-piece adjustable paddle, dual-action pump, carry bag, ankle leash, and fin.</p>",,batch_01_brands
brands/cabrinha,Cabrinha Kites & Kiteboards 2026,brands,1,Cabrinha Kites & Kiteboards 2026,"Shop Cabrinha kites, boards & bars 2026. One of kitesurfing's most trusted brands. Free EU shipping €99+. Shop now.","cabrinha kites,cabrinha kiteboarding,cabrinha kiteboards","<h2>About Cabrinha</h2><p>Founded in Maui in 2000 by big-wave surfer Pete Cabrinha, Cabrinha is one of the founding brands of modern kiteboarding. Pete's surfing roots are embedded in every Cabrinha product — from the wave-focused <strong>Moto</strong> kite to the performance twin-tip boards designed for powered freeriding. Cabrinha designs kites that feel alive and connected, drawing on the brand's deep culture of Hawaiian ocean riding.</p><p>Cabrinha kites are built at the brand's facility in Maui and feature proprietary technologies including <strong>Delta-Hybrid Arc</strong> geometry for consistent power and the <strong>Switchblade</strong> platform that has been the world's best-selling kite for over a decade.</p><h2>The Cabrinha Range</h2><p>The <strong>Switchblade</strong> remains Cabrinha's most versatile model — a delta-hybrid that bridges the gap between C-kite control and bow kite depower. The <strong>Drifter</strong> is the wave-specific kite that Cabrinha built for surf-style riding with minimal bar pressure. The <strong>FX</strong> delivers unhooked freestyle performance with a stiff, connected feel. The <strong>Moto X</strong> is the all-around SLE kite for progressive freeriders looking for maximum boost.</p><h2>Why Buy Cabrinha at Surf Store</h2><p>Surf Store stocks the full Cabrinha 2026 season lineup — kites from 4m to 18m, bars, boards, pads, straps, and accessories. As an authorised Cabrinha dealer, we provide full manufacturer warranty and our team rides Cabrinha gear in real conditions so we can give honest, first-hand advice.</p><h2>Expert Advice</h2><p>Choosing your first Cabrinha kite is one of the most important decisions in your kiteboarding journey. Our team recommends the Switchblade for versatility, the Drifter for wave riders, and the Moto for beginners who want long-term progression.</p><p>Q: Which Cabrinha kite is best for beginners?<br>A: The Cabrinha Moto is forgiving, stable, and offers excellent depower — perfect for learning.</p><p>Q: Is the Cabrinha Unify bar compatible with all Cabrinha kites?<br>A: Yes — the Unify Control System is designed for the full 2026 Cabrinha kite range.</p><p>Q: Does Surf Store stock Cabrinha accessories?<br>A: We stock the full range including leashes, pumps, bags, pads and straps, and spare parts.</p>",,batch_01_brands
brands/neilpryde,NeilPryde Sails & Wetsuits 2026,brands,1,NeilPryde Windsurfing Sails & Wetsuits 2026,"NeilPryde windsurfing sails, foils, wetsuits & accessories. Pro-proven tech for all levels. Free EU shipping. Shop now.","neilpryde sails,neilpryde wetsuits,neilpryde windsurfing","<h2>About NeilPryde</h2><p>NeilPryde is one of the most storied names in sailing and water sports, founded in Hong Kong in 1970 by Neil Pryde, a world-record holder in sail manufacturing. The brand's legacy spans Olympic sailing, Americas Cup yacht sails, and windsurfing — and today NeilPryde is one of the key innovation forces in windsurf technology and wet suit design.</p><p>NeilPryde's windsurfing range is produced using proprietary <strong>X-Ply</strong> laminate technology and partnered with Severne and Gaastra in a production group that ensures consistent, race-ready quality across their lineup.</p><h2>The NeilPryde Range</h2><p>The <strong>Wizard</strong> wetsuit series is NeilPryde's flagship neoprene product — offering GBS seam construction, liquid-seal cuffs, and a 3D pre-shaped knee that eliminates restriction during footstrap use. Their windsurf sails span racing models like the <strong>RS:Flight</strong> to all-around freeride options including the <strong>Fusion</strong> and <strong>Atlas</strong> series. NeilPryde masts and booms round out a complete equipment ecosystem.</p><h2>Why Buy NeilPryde at Surf Store</h2><p>Surf Store has been a NeilPryde dealer for over a decade, stocking the full range of sails, masts, booms, extensions, foils, and wetsuits. Our windsurf experts can help you match sail size to your mast, boom length to your body, and wetsuit thickness to your local water temperature.</p><h2>Expert Advice</h2><p>NeilPryde's mid-range sails like the Atlas Pro offer exceptional value for club racers who want race-inspired performance at a realistic price. Contact our team for a complete NeilPryde rig package recommendation.</p><p>Q: Are NeilPryde sails compatible with other brands' masts?<br>A: NeilPryde sails are designed around their own mast bend curves but will work with IMCS-rated masts from other brands at the correct percentage.</p><p>Q: How thick a NeilPryde wetsuit for winter use?<br>A: For water temperatures 10–14°C, we recommend the Wizard 5/4mm with hood.</p><p>Q: Does Surf Store carry NeilPryde foils?<br>A: Yes — we stock the NeilPryde Glide windsurf foil range including masts, fuselages, and wing sets.</p>",,batch_01_brands
brands/jp-australia,JP Australia SUP & Windsurf Boards 2026,brands,1,JP Australia Boards — SUP & Windsurf 2026,"JP Australia windsurf and SUP boards 2026. Podium-proven shapes for all levels. Free EU shipping €99+. Shop now.","jp australia,jp australia sup,jp australia windsurf board","<h2>About JP Australia</h2><p>JP Australia was founded by Jason Polakow — a six-time PWA Wave World Champion — and the brand carries his commitment to performance shapes into every board they produce. Based in Austria, JP Australia manufactures windsurf boards, SUP boards, wing foil boards, and kayaks with an emphasis on responsive rails, precise volume distribution, and durable construction.</p><p>JP Australia boards are renowned for their wave shapes — the <strong>Thruster</strong> and <strong>Quad</strong> series are among the most widely ridden wave boards on the PWA World Tour. Their SUP lineup delivers the same shape precision to stand-up paddleboarding.</p><h2>The JP Australia Range</h2><p>The <strong>Super Ride</strong> is JP's best-selling all-round windsurf board — wide, stable, and early-planing. The <strong>Freestyle Wave</strong> bridges freeriding and wave riding for versatile performance. The <strong>Slalom</strong> board series is the product of direct collaboration with PWA racers and targets maximum speed on flat water. For SUP, the <strong>WildWater Air</strong> is a high-performance river SUP while the <strong>AllRound Air</strong> excels as an everyday flat-water board.</p><h2>Why Buy JP Australia at Surf Store</h2><p>Surf Store stocks the JP Australia range across windsurf and SUP categories. We can advise on volume and width selection for your weight, style, and local conditions, and have firsthand experience with many models in the Adriatic and Slovenian wind spots.</p><h2>Expert Advice</h2><p>For windsurf beginners, we recommend starting with a wide, high-volume JP Super Ride or Freestyle Wave, which provides stability for learning footstrap use and planing in moderate winds.</p><p>Q: Which JP Australia board for learning to windsurf?<br>A: The JP Super Ride in 135L–160L offers the stability and early planing that makes learning far more enjoyable.</p><p>Q: Are JP Australia boards vacuum or hand-laminated?<br>A: Premium JP boards use vacuum sandwich construction. Entry boards use polyethylene skin for durability.</p><p>Q: Does Surf Store stock JP Australia spare fins?<br>A: Yes — we stock US Box, Tuttle Box, and Deep Tuttle fins compatible with the JP range.</p>",,batch_01_brands
brands/gaastra,Gaastra Windsurf Sails & Kites 2026,brands,1,Gaastra Windsurf Sails & GA-Kites 2026,"Shop Gaastra windsurfing sails and GA-Kites 2026. Proven race tech at great value. Free EU shipping. Shop now at Surf Store.","gaastra sails,ga kites,gaastra windsurf","<h2>About Gaastra</h2><p>Gaastra is a Dutch water sports brand with roots stretching back to 1897 when Klaas Gaastra started making traditional sailing sails. The modern Gaastra brand — under the Boards & More umbrella alongside Duotone and Fanatic — produces windsurf sails, kites, harnesses, and accessories that balance race-proven technology with accessible pricing for club and recreational riders.</p><p>Gaastra's GA-Kites sub-brand has established itself in the foiling and light-wind kite market, with models like the <strong>Spark</strong> and <strong>ONE</strong> offering excellent glide and upwind performance for wing foiling and speed kiting enthusiasts.</p><h2>The Gaastra Range</h2><p>The Gaastra windsurf lineup is headed by the <strong>Cosmic</strong> — a precision freerace sail — and the <strong>Matrix</strong>, which is an all-round sail for club racing and recreational windsurfing. The <strong>Boost</strong> is the entry-level option that provides consistent power for learning to plane. GA-Kites include the <strong>Pure</strong> for beginner kiters and the <strong>MAX</strong> for experienced riders pushing light-wind limits.</p><h2>Why Buy Gaastra at Surf Store</h2><p>Surf Store stocks the full Gaastra 2026 range including sails in all sizes, masts, booms, and GA-Kites. We maintain one of the largest Gaastra inventories in the region and can offer complete rig packages at competitive prices. Free EU shipping applies on orders over €99.</p><h2>Expert Advice</h2><p>Gaastra sails are an excellent value proposition for windsurfers who want reliable, well-engineered gear without paying the premium of top-tier race brands. The Matrix is our most recommended Gaastra model for recreational club riders.</p><p>Q: Are Gaastra sails suitable for beginners?<br>A: Yes — the Boost series is explicitly designed for progression, offering smooth power delivery and a wide wind range.</p><p>Q: What's the difference between GA-Kites and Gaastra kites?<br>A: GA-Kites is the kite-specific sub-brand under the Gaastra umbrella, focused on foiling and light-wind performance.</p><p>Q: Does Surf Store carry Gaastra harnesses?<br>A: Yes — we stock the full GA harness line for windsurf and kite including seat and waist models.</p>",,batch_01_brands
brands/nobile,Nobile Kiteboards & Foils 2026,brands,1,Nobile Kiteboards & Foil Systems 2026,"Nobile kiteboards, foils, pads & straps 2026. Polish craftsmanship for kitesurfers worldwide. Free EU shipping. Shop now.","nobile kiteboards,nobile foil,nobile kiteboarding","<h2>About Nobile</h2><p>Nobile is a Polish kiteboard manufacturer that has earned a loyal following through exceptional build quality and innovative shapes. Founded in Puck, Poland — one of Europe's premier kiteboarding destinations — Nobile has the advantage of developing and testing their boards in real-world kite conditions on the Baltic Sea. The brand's flagship models are hand-laminated with quality wood cores and careful attention to deck pad placement and insert geometry.</p><p>Nobile's kiteboards are distributed across Europe and carried by specialty kite dealers who appreciate the brand's quality-per-price positioning. The <strong>NHP</strong> and <strong>50Fifty</strong> series are particularly respected in the freestyle community for their consistent pop and reliable flex pattern.</p><h2>The Nobile Range</h2><p>The <strong>NHP</strong> (Nobile High Performance) is the brand's pro freestyle board — stiff, poppy, and shaped for precise landings. The <strong>50Fifty Evolution</strong> is a balanced all-rounder that performs well in waves and flat water alike. The <strong>NHP WMN</strong> is shaped specifically for women riders, with a softer flex and shorter length. Nobile also produces a foil board lineup and IFS binding systems with modular adjustment.</p><h2>Why Buy Nobile at Surf Store</h2><p>Surf Store stocks Nobile kiteboards, foil kits, fins, bags, and the IFS binding system. We can advise on sizing based on your weight and riding style, and have first-hand experience with the NHP and 50Fifty range at local kite spots.</p><h2>Expert Advice</h2><p>Nobile's boards are a smart choice for intermediate to advanced riders who want quality construction at a lower price than premium brands. The NHP Carbon is our top recommendation for riders prioritising freestyle progression.</p><p>Q: What size Nobile board for an 80kg rider?<br>A: We recommend the NHP in 138cm or 142cm for an 80kg freerider. For freestyle, size down 2–4cm.</p><p>Q: Are Nobile IFS bindings adjustable?<br>A: Yes — Nobile's IFS system allows stance width, angle, and binding position adjustment without tools.</p><p>Q: Does Surf Store stock Nobile foils?<br>A: We stock select Nobile foil components. Contact us for current availability.</p>",,batch_01_brands
brands/ion,ION Water Wetsuits & Harnesses 2026,brands,1,ION Water Wetsuits & Harnesses 2026,"ION Water wetsuits, harnesses & accessories 2026. Germany's #1 water sports brand. Free EU shipping €99+. Shop now.","ion wetsuits,ion harness,ion water sports","<h2>About ION Water</h2><p>ION Water is the water sports division of ION, a German outdoor brand founded in 1993. ION Water produces wetsuits, harnesses, impact vests, boots, gloves, hoods, rashguards, and accessories for kitesurfers, windsurfers, wing foilers, and SUP paddlers. The brand is particularly celebrated for its wetsuit technology — offering thermal lining systems, panelled back-zip and front-zip designs, and a size range that covers from children to XL adults.</p><p>ION's manufacturing is certified to OEKO-TEX® standards and the brand has committed to using Yulex® natural rubber in their premium wetsuit range, reducing CO₂ emissions versus conventional neoprene by up to 80%.</p><h2>The ION Water Range</h2><p>ION wetsuits span from the entry-level <strong>Base</strong> series to the premium <strong>Seek Amp</strong> — their thickest and most insulating suit for cold-water sessions. The <strong>Amaze</strong> series is designed for women riders with an anatomically adjusted cut, pre-bent knees, and a higher back panel for comfort on foil boards. ION harnesses include the waist and seat designs for kite and windsurf use, with the <strong>Riot Curv</strong> being the most popular model across disciplines.</p><h2>Why Buy ION at Surf Store</h2><p>Surf Store carries the largest ION Water inventory in Slovenia, stocking wetsuits from 2mm summer suits to 6/5mm winter models with hood. Our staff can advise on sizing (ION uses European sizing with model-specific charts) and help you select the right thermal system for your target water temperature.</p><h2>Expert Advice</h2><p>The most common mistake when buying a wetsuit is sizing down too aggressively. We recommend fitting an ION wetsuit in-store or consulting our size guides — a suit that's too tight in the shoulders will exhaust you within minutes.</p><p>Q: Which ION wetsuit for Mediterranean summer use?<br>A: A 3/2mm like the ION Element or Base suits water at 18–22°C. Go 2mm for peak summer in warm climates.</p><p>Q: Do ION wetsuits run true to size?<br>A: ION uses European sizing. Tall riders may need to size up for length. Our team can advise based on your measurements.</p><p>Q: Does Surf Store repair ION wetsuits?<br>A: We stock ION wetsuit repair kits and neoprene glue. For major damage, we can advise on warranty options.</p>",,batch_01_brands
brands/duotone-kiteboarding/kites,Duotone Kites,brands/duotone-kiteboarding,2,Duotone Kites 2026 — All Models & Sizes,"Shop all Duotone kites for 2026 — Evo, Rebel, Dice, Echo & more. Expert advice, free EU shipping €99+. Shop now at Surf Store.","duotone kites 2026,duotone evo kite,duotone rebel kite","<h2>Duotone Kites 2026 — The Full Range</h2><p>Duotone's 2026 kite collection spans every riding style from wave riding to big air freestyle to foiling. Each model is refined through input from the Duotone World Tour team and tested extensively before release, ensuring that performance claims translate directly to the water.</p><h2>Choosing the Right Duotone Kite</h2><p>The <strong>Evo SLS</strong> is Duotone's evergreen all-arounder — responsive, stable, and equally at home in light-wind cruising as in powered-up freeriding. The <strong>Rebel D/LAB</strong> is the choice of experienced riders who want a direct, powerful feel in waves or powered-up sessions. The <strong>Dice SLS</strong> is built for unhooked freestyle riders who want maximum pop and hangtime.</p><p>For foiling, the <strong>Echo</strong> provides smooth, consistent power with excellent upwind angle. The <strong>Juice</strong> is ideal for light-wind days when other kites struggle to pull through. Entry-level riders should look at the <strong>Evo</strong> standard — proven reliable and easy to fly across all wind ranges.</p><h2>Why Buy Duotone Kites at Surf Store</h2><p>We stock sizes from 4m to 19m across the full Duotone kite range, including D/LAB and SLS performance editions. Our staff can advise on size selection based on your weight, local conditions, and riding ambitions. We offer free pre-delivery inspection and full manufacturer warranty on all Duotone kites.</p><h2>Expert Advice</h2><p>The single most important factor in kite selection is matching the size to your local wind range. Our team can advise on which single kite, quiver, or foil-specific model best suits surf-store.com's customer locations across Europe.</p><p>Q: What size Duotone kite for 80kg in 15–25 knots?<br>A: A 9m or 10m will cover this range for most riders. For freeriding, lean 10m; for performance, 9m SLS.</p><p>Q: Can I buy a Duotone kite without a bar?<br>A: Yes — kites are sold separately. We recommend purchasing a Duotone Click Bar for optimal compatibility.</p><p>Q: Are 2026 Duotone kites compatible with 2024 bars?<br>A: Yes — Duotone maintains consistent bar compatibility across model years.</p>",,batch_01_brands
brands/duotone-kiteboarding/kite-bars,Duotone Kite Bars,brands/duotone-kiteboarding,2,Duotone Click Bar 2026 — Kite Control Systems,"Duotone Click Bar and Trust Bar 2026. Industry-leading safety, instant one-click release. Free EU shipping €99+. Shop now.","duotone click bar,duotone kite bar 2026,duotone trust bar","<h2>Duotone Kite Bars 2026</h2><p>Duotone's control bar system is one of the most refined in kiteboarding. The <strong>Click Bar</strong> has been the market leader for over a decade, offering a reliable one-click safety release that depower in a single pull regardless of load on the bar. For 2026, Duotone has updated the Click Bar's chicken loop grip and depower cleat for even smoother operation in gloves.</p><h2>Click Bar vs Trust Bar</h2><p>The <strong>Click Bar</strong> is the standard recommendation for freeriders and beginners — a 4-line system with intuitive safety and a proven track record. The <strong>Trust Bar</strong> is the 5-line variant, offering a dedicated kite-depowering fifth line for wave riders and advanced riders who want precision trim in powered conditions. Both bars are fully compatible with the entire 2026 Duotone kite range.</p><h2>Why Buy Duotone Bars at Surf Store</h2><p>We stock the Click Bar and Trust Bar in all line length options (19m, 22m, 24m) including the Quad Control system for four-line use. Our team can advise on the right line length for your riding style and help with bar setup, line attachment, and chicken loop choice.</p><h2>Expert Advice</h2><p>Line length affects power delivery significantly. Longer lines (24m) give more depower range and are preferred for lighter winds. Shorter lines (19m) are used by wave riders who want less kite movement above them in shore break.</p><p>Q: What bar length is best for a beginner?<br>A: A 42–44cm bar is standard for most riders. The Click Bar comes in 42cm and 50cm options — choose based on wingspan.</p><p>Q: Does the Duotone Click Bar work with non-Duotone kites?<br>A: Technically yes, but we recommend brand-matched bars for warranty and safety reasons.</p><p>Q: Can I replace just the lines on my Click Bar?<br>A: Yes — Duotone sells replacement line sets for the Click Bar. We stock them in-store.</p>",,batch_01_brands
brands/duotone-kiteboarding/kiteboards,Duotone Kiteboards,brands/duotone-kiteboarding,2,Duotone Kiteboards 2026 — Twintip & Surf Boards,"Duotone twintip and surf kiteboards 2026. Precision shapes for freestyle, freeride & waves. Free EU shipping. Shop now.","duotone kiteboards,duotone twintip,duotone surf kiteboard","<h2>Duotone Kiteboards 2026</h2><p>Duotone's kiteboard range spans performance twin-tips, surf strapless boards, and foil boards — all designed with the same precision that defines their kite technology. For 2026, Duotone has updated core construction on several models, introducing stiffer wood cores for more pop and refined rocker lines for better upwind tracking.</p><h2>Choosing a Duotone Kiteboard</h2><p>The <strong>Jaime SLS</strong> is Duotone's all-round freestyle board — poppy, precise, and liked by riders at every level above beginner. The <strong>Select SLS</strong> is the freeride option, wider and more forgiving with strong early-planing characteristics. For wave riding, the <strong>Whip D/LAB</strong> is a directional board designed for strapless surf-style riding. The <strong>Gonzales</strong> is the entry-level twin-tip offering consistent pop and easy edge-to-edge transitions.</p><h2>Why Buy Duotone Boards at Surf Store</h2><p>We stock Duotone kiteboards from 132cm to 147cm across the range, including D/LAB and SLS editions. Our team can advise on board sizing based on your weight, wind range, and riding style. Package deals combining board, pads and straps are available on request.</p><h2>Expert Advice</h2><p>For most freeriders, a 138–142cm board at 75–80kg is the ideal starting point. Go shorter for tricks, longer for light wind or heavier riders.</p><p>Q: What board size for an 85kg beginner?<br>A: The Duotone Select SLS in 144cm gives excellent planing, forgiveness, and confidence for learning.</p><p>Q: Are Duotone pads and straps sold separately?<br>A: Yes — we stock the full Duotone pad and strap range including Vario, Comfort, and Team models.</p><p>Q: Does Surf Store stock Duotone foil boards?<br>A: Yes — we carry the Duotone Soar and selected foil board shapes for kite foiling.</p>",,batch_01_brands
brands/duotone-windsurfing/sails,Duotone Windsurf Sails,brands/duotone-windsurfing,2,Duotone Windsurf Sails 2026 — All Models,"Duotone windsurfing sails 2026 — Super_Star SLS, Warp_Foil, Tonic & more. Expert advice. Free EU shipping. Shop now.","duotone windsurf sails,duotone super star sls,duotone warp foil","<h2>Duotone Windsurf Sails 2026</h2><p>Duotone produces one of the most complete windsurf sail ranges in the sport — covering slalom racing, wave riding, foiling, and all-round freeride use. The 2026 collection builds on the brand's SLS (Stiff Lite Skin) carbon construction and D/LAB technology to deliver class-leading power, light weight, and precise trim control.</p><h2>The Sail Range</h2><p>The <strong>Super_Star SLS</strong> is Duotone's PWA-proven slalom race sail, optimised for maximum speed in flat-water conditions. The <strong>Warp_Foil</strong> is designed for windsurf foiling — narrow head, manageable power, and early liftoff characteristics. The <strong>Tonic</strong> and <strong>Idol</strong> handle wave sailing with lightweight construction and a short luff for manoeuvrability in breaking surf. The <strong>Super_Hero</strong> is the entry-level range — wide wind range, self-supporting mast sleeve, and forgiving power.</p><h2>Why Buy Duotone Sails at Surf Store</h2><p>Surf Store stocks the full Duotone windsurf sail lineup from 3.4m wave sails to 9.8m race sails. We can advise on size selection, mast bend curve compatibility, and boom length for your height. Complete rig packages are available at discounted bundle prices.</p><h2>Expert Advice</h2><p>Sail size selection depends on your weight, local wind average, and board volume. As a guide: at 80kg in 15–25 knots freeride, a 6.5–7.0m sail on a 100L–130L board is a strong starting point. Our team can advise further based on your location.</p><p>Q: What mast do I need for a Duotone sail?<br>A: Duotone recommends their own SDM or RDM masts matched to the sail's published IMCS rating.</p><p>Q: Can I use one Duotone mast for multiple sails?<br>A: Yes — if the sails share the same luff length and IMCS rating, one mast can be used across models.</p><p>Q: Does Surf Store offer complete Duotone rig packages?<br>A: Yes — contact us for bundle pricing on sail, mast, boom, and extension combinations.</p>",,batch_01_brands
brands/duotone-windsurfing/masts,Duotone Windsurf Masts,brands/duotone-windsurfing,2,Duotone Windsurf Masts 2026 — SDM & RDM,"Duotone SDM and RDM windsurf masts 2026. Race-spec carbon construction. Free EU shipping €99+. Shop now at Surf Store.","duotone windsurf mast,duotone sdm mast,duotone rdm mast","<h2>Duotone Windsurf Masts 2026</h2><p>A windsurf sail's performance is only as good as the mast it's rigged on. Duotone produces their masts to the exact bend curves tested by their PWA race team — ensuring that a Duotone sail on a Duotone mast performs exactly as the designers intended. Both SDM (Standard Diameter Mast) and RDM (Reduced Diameter Mast) variants are available across carbon percentages from 60% entry to 100% D/LAB carbon.</p><h2>SDM vs RDM</h2><p><strong>SDM masts</strong> are the traditional choice for freeride and race sails in moderate to strong wind. They provide a stiffer feel and are required by many high-performance race sails. <strong>RDM masts</strong> are narrower in diameter and more flexible — preferred for wave sails and short-luff designs where the mast needs to fit inside a small mast pocket and absorb impact during wipeouts.</p><h2>Why Buy Duotone Masts at Surf Store</h2><p>We stock Duotone masts from 340cm to 520cm in both SDM and RDM variants. Our team can verify mast compatibility with your existing sails and advise on the optimal carbon percentage for your budget and riding frequency.</p><h2>Expert Advice</h2><p>The minimum recommended carbon percentage for serious racing is 75%. For recreational freeride use, a 60% carbon mast is a cost-effective choice that still provides good sail profile. Higher carbon = lighter weight and faster power delivery.</p><p>Q: What IMCS rating do I need for a 7.0m Duotone sail?<br>A: Duotone publishes recommended IMCS ratings per sail model. Our team can confirm the exact spec for your sail.</p><p>Q: Are Duotone RDM masts 2-piece or 1-piece?<br>A: Duotone masts are 2-piece (top and bottom) for travel convenience. Extension required separately.</p><p>Q: How do I know if my mast is worn out?<br>A: Check for cracks around the joint and lateral flex — if the mast feels noticeably softer than new, consider replacement.</p>",,batch_01_brands
brands/duotone-windsurfing/booms,Duotone Windsurf Booms,brands/duotone-windsurfing,2,Duotone Windsurf Booms 2026 — All Sizes,"Duotone windsurf booms 2026. Adjustable carbon & aluminium booms for all sail sizes. Free EU shipping. Shop now.","duotone windsurf boom,duotone boom 2026,windsurf boom","<h2>Duotone Windsurf Booms 2026</h2><p>A windsurf boom directly affects your ability to control sail trim, transmit power to the board, and maintain comfortable stance over a session. Duotone booms are engineered to the same standards as their sails — with precise front-end jaw geometry, lightweight arm construction, and reliable cleat systems that hold boom length in the heaviest wind load.</p><h2>Boom Materials and Sizes</h2><p>Duotone offers aluminium and 100% carbon boom options. <strong>Aluminium booms</strong> are durable, cost-effective, and ideal for recreational riders who prioritise reliability over weight. <strong>Carbon booms</strong> are significantly lighter, reducing arm fatigue during extended sessions and improving overall balance. Sizes span 140–230cm in standard and crossover adjustment ranges.</p><h2>Why Buy Duotone Booms at Surf Store</h2><p>We stock Duotone booms in all sizes and materials. Our staff can advise on the right boom length for your sail size range and riding style, and can demonstrate correct boom height and harness line position in store.</p><h2>Expert Advice</h2><p>Boom height is one of the most overlooked elements in windsurf setup. A boom that's too low causes excessive back pain; too high limits power. As a guide: boom height should be between chin and shoulder height when standing on the board.</p><p>Q: What boom length for a 6.5m–8.0m sail range?<br>A: A 160–200cm adjustable boom covers this range comfortably. Duotone's XO Boom fits most freeride and race sails.</p><p>Q: How do I prevent a boom from sliding on the mast?<br>A: Ensure the boom front end clamp is the correct diameter for your mast (SDM or RDM) and check the clamp pads for wear annually.</p><p>Q: Does Surf Store service windsurf booms?<br>A: We stock replacement front end clamp parts and cleat inserts for Duotone booms.</p>",,batch_01_brands
brands/duotone-wingsurfing/wings,Duotone Wings 2026,brands/duotone-wingsurfing,2,Duotone Wings 2026 — Unit Echo Slick & More,"All Duotone wings 2026 — Unit D/LAB, Echo, Slick & Downwinder. Expert wing foil advice. Free EU shipping. Shop now.","duotone wings 2026,duotone unit wing,duotone echo wing","<h2>Duotone Wings 2026 — The Full Range</h2><p>Duotone produces one of the most complete wing lineups in wing foiling — covering everything from beginner-friendly inflatable wings to high-performance D/LAB racing units. Every wing in the 2026 range is the product of collaboration with the Duotone wing team, who test in diverse conditions from flat water speed riding to ocean downwinders.</p><h2>Choosing a Duotone Wing</h2><p>The <strong>Unit D/LAB</strong> is Duotone's flagship — a stiff, high-aspect wing for intermediate to advanced riders who want speed, upwind angle, and powerful pumping. The <strong>Echo</strong> is the all-around recommendation: easy to relaunch, excellent for learning, and strong upwind in a wide wind range. The <strong>Slick</strong> is the beginner-friendly option with more neutral handling. For downwind sessions, Duotone's <strong>Downwinder Air</strong> SUP inflatable combines perfectly with any wing in the range.</p><h2>Why Buy Duotone Wings at Surf Store</h2><p>We stock Duotone wings from 2.5m to 8.0m across all models. Our team has personal wing foiling experience and can advise on size, handle configuration, and which Duotone foil to pair with your wing for the best progression.</p><h2>Expert Advice</h2><p>Wing size selection depends primarily on rider weight and local wind average. At 75kg in 15–20 knots, a 5.0–5.5m wing is the sweet spot for most sessions. Going smaller increases speed and control; larger improves light-wind performance.</p><p>Q: What Duotone wing for an 80kg beginner?<br>A: The Duotone Echo 5.5m–6.0m in a stable beginner colour is ideal for learning with room to progress.</p><p>Q: How long does a Duotone wing last?<br>A: With proper care (rinse, dry, store out of sunlight), a Duotone wing will last 300+ hours. Bladder replacement is the most common maintenance.</p><p>Q: Does Surf Store stock replacement Duotone wing bladders?<br>A: Yes — we carry leading edge and strut bladders for current Duotone wing models.</p>",,batch_01_brands
brands/cabrinha/kites,Cabrinha Kites 2026,brands/cabrinha,2,Cabrinha Kites 2026 — All Models & Sizes,"All Cabrinha kites 2026 — Switchblade, Drifter, Moto & FX. Expert kite advice. Free EU shipping €99+. Shop now.","cabrinha kites 2026,cabrinha switchblade,cabrinha drifter","<h2>Cabrinha Kites 2026 — The Complete Range</h2><p>Cabrinha's kite lineup for 2026 continues the brand's tradition of offering distinct, purpose-built models for every riding style — from the world's most popular beginner kite to dedicated wave and freestyle platforms. Each model is designed in Maui and tested in the consistent trade winds and ocean surf that define Cabrinha's development environment.</p><h2>The Cabrinha Kite Range</h2><p>The <strong>Switchblade</strong> remains the cornerstone of the range — its delta-hybrid design offers a wide depower range, excellent relaunch, and comfortable bar pressure that works for beginners and experienced riders alike. The <strong>Drifter</strong> is Cabrinha's wave-specific design, built to drift downwind and relaunch efficiently in surf. The <strong>FX</strong> is the freestyle kite: direct, stiff, and explosive for unhooked tricks.</p><p>The <strong>Moto</strong> is the entry-level all-rounder, designed for beginners who want a stable, confidence-inspiring first kite. The <strong>Moto X</strong> is the performance version — adding boost and hangtime for riders progressing beyond basics. For foiling, the <strong>Contra</strong> offers extraordinary upwind angle and light-wind performance.</p><h2>Why Buy Cabrinha Kites at Surf Store</h2><p>Surf Store stocks the full Cabrinha 2026 kite range from 4m to 19m, with the Switchblade available in all standard sizes and the Drifter in sizes optimised for wave riding. We can arrange demo sessions in conjunction with local kite schools and provide full post-purchase support.</p><h2>Expert Advice</h2><p>For riders new to Cabrinha, the Switchblade in a 10m or 12m is the most recommended starting point — versatile enough for learning and strong enough to stay in your quiver as skills develop.</p><p>Q: What's the difference between the Cabrinha Switchblade and Moto?<br>A: The Switchblade is performance-oriented with delta-hybrid geometry; the Moto is more beginner-friendly with wider depower and easier relaunch.</p><p>Q: Can I use Cabrinha kites with a Duotone bar?<br>A: We do not recommend cross-brand bar use. Cabrinha's Unify bar is optimised for their kite geometry and safety systems.</p><p>Q: Does Surf Store offer kite demos?<br>A: Contact us — we can arrange demo sessions with Cabrinha kites at select locations in Slovenia.</p>",,batch_01_brands
brands/neilpryde/sails,NeilPryde Windsurf Sails 2026,brands/neilpryde,2,NeilPryde Windsurf Sails 2026 — Wizard & More,"NeilPryde windsurf sails 2026 — Atlas, Fusion, RS:Flight & more. Expert advice. Free EU shipping €99+. Shop now.","neilpryde sails 2026,neilpryde atlas,neilpryde rs flight","<h2>NeilPryde Windsurf Sails 2026</h2><p>NeilPryde has produced some of the most successful windsurf racing sails of all time — with multiple PWA World Championship wins across slalom and formula disciplines. The 2026 collection builds on X-Ply monofilm laminates, precise batten tuning, and production quality that delivers consistent sail profile over hundreds of hours of use.</p><h2>The NeilPryde Sail Range</h2><p>The <strong>RS:Flight</strong> is NeilPryde's premium race sail — produced in collaboration with their PWA riders for maximum speed in slalom conditions. The <strong>Atlas Pro</strong> is the mid-range freerace option: race-inspired shape at a more accessible price point, ideal for club racers. The <strong>Fusion</strong> is the all-round freeride sail — wide wind range, easy rigging, and consistent power delivery. The <strong>Wizard</strong> is the entry-level sail for beginners transitioning from school boards to planning.</p><h2>Why Buy NeilPryde Sails at Surf Store</h2><p>We stock NeilPryde sails from 3.3m to 9.6m with matching masts and boom recommendations. Our windsurf team can advise on size for your weight, local wind range, and board. Complete rig packages with NeilPryde masts and booms are available at bundle pricing.</p><h2>Expert Advice</h2><p>NeilPryde sails are manufactured to tight tolerances — ensuring the sail shape you see in reviews is replicated in your production model. We recommend pairing NeilPryde sails with NeilPryde masts for optimal profile accuracy.</p><p>Q: What mast for a NeilPryde Atlas Pro 7.0m?<br>A: NeilPryde publishes specific mast recommendations per sail model including luff length and IMCS rating. Our team can confirm.</p><p>Q: Are NeilPryde sails good for beginners?<br>A: The Wizard series is explicitly designed for learning — wide batten spacing and a forgiving power curve make it an excellent first sail.</p><p>Q: Does Surf Store stock NeilPryde race accessories?<br>A: Yes — we carry harness lines, boom clamps, downhaul ropes, and other race accessories alongside the sail range.</p>",,batch_01_brands
brands/ion/wetsuits,ION Wetsuits 2026,brands/ion,2,ION Wetsuits 2026 — All Thicknesses & Styles,"ION Water wetsuits 2026 — 2mm to 6/5mm. Men, women & kids. Expert fit advice. Free EU shipping €99+. Shop now.","ion wetsuits 2026,ion element wetsuit,ion amaze wetsuit","<h2>ION Wetsuits 2026 — The Full Range</h2><p>ION's 2026 wetsuit collection is the most comprehensive in the brand's history — spanning 2mm summer suits to 6/5mm cold-water models with attached hood, covering men, women, and children. ION uses SuperFlex neoprene with preformed knee panels, liquid-seal wrist and ankle cuffs, and both back-zip and chest-zip entry options across the range.</p><h2>Choosing an ION Wetsuit</h2><p>The <strong>Base</strong> series is ION's entry-level range — quality construction at accessible prices, ideal for casual water sports use in 15–22°C water. The <strong>Element</strong> series adds stretch neoprene panels and upgraded seam construction for improved durability and warmth. The <strong>Seek</strong> range is the mid-premium tier — front-zip designs with advanced thermal lining options. The <strong>Amaze</strong> is the women-specific line across all thicknesses, with an anatomically adjusted cut and shorter leg length.</p><p>At the top of the range, the <strong>Seek Amp</strong> in 5/4mm and 6/5mm delivers the maximum warmth ION offers — suitable for winter sessions in water down to 8°C.</p><h2>Why Buy ION Wetsuits at Surf Store</h2><p>Surf Store carries the largest ION wetsuit range in Slovenia — over 50 models in stock across thicknesses, entry styles, and gender sizes. Our team can advise on size (ION uses European sizing with height/weight charts) and help you find the right model for your target water temperature and sport.</p><h2>Expert Advice</h2><p>The right wetsuit thickness depends on water temperature, not air temperature. We recommend our wetsuit temperature guide: 2mm for 20°C+, 3/2mm for 16–20°C, 4/3mm for 12–16°C, 5/4mm for 8–12°C, and 6/5mm with hood below 8°C.</p><p>Q: Should I buy a back-zip or chest-zip ION wetsuit?<br>A: Chest-zip wetsuits are warmer and better fitting but harder to get on. Back-zip suits are easier for beginners. Our team can advise based on your experience level.</p><p>Q: How do I care for an ION wetsuit?<br>A: Rinse in fresh water after each use, dry inside-out in shade, and store flat or on a wide hanger. Avoid UV exposure and heat.</p><p>Q: What age are ION kids wetsuits sized for?<br>A: ION kids suits are available from 4 years (92cm) to 14 years (164cm) in 3/2mm and 4/3mm thicknesses.</p>",,batch_01_brands
